id,job_id,batch_id,source_row,email,domain,provider_family,verp_token,message_id,sent_at,state,dsn_status,dsn_received_at,dsn_diagnostic,dsn_smtp_code,last_polled_at,created_at,updated_at
1,job-2026-05-04-acme-pilot-001,b0a3f7c91e2a,1000,alice.thompson@gmail.com,gmail.com,gmail,89e9d7e262f488ee1105cd49,<89e9d7e262f488ee1105cd49c0676f54@fuenmayorindustries.com>,2026-05-04T14:01:00+00:00,sent,,,,,2026-05-06T08:00:00+00:00,2026-05-04T14:00:00+00:00,2026-05-04T14:01:00+00:00
2,job-2026-05-04-acme-pilot-001,b0a3f7c91e2a,1001,bryan.kim@gmail.com,gmail.com,gmail,0c7574507d71656639fb3f9b,<0c7574507d71656639fb3f9b1ddf79d5@fuenmayorindustries.com>,2026-05-04T14:02:00+00:00,sent,,,,,2026-05-06T08:00:00+00:00,2026-05-04T14:00:00+00:00,2026-05-04T14:02:00+00:00
3,job-2026-05-04-acme-pilot-001,b0a3f7c91e2a,1002,carol.santos@gmail.com,gmail.com,gmail,97ef98ff7e55fc095e1ca680,<97ef98ff7e55fc095e1ca6800471bb00@fuenmayorindustries.com>,2026-05-04T14:03:00+00:00,sent,,,,,2026-05-06T08:00:00+00:00,2026-05-04T14:00:00+00:00,2026-05-04T14:03:00+00:00
4,job-2026-05-04-acme-pilot-001,b0a3f7c91e2a,1003,david.nguyen@gmail.com,gmail.com,gmail,cb51a5c673cfc5977553b800,<cb51a5c673cfc5977553b800ad6d59ba@fuenmayorindustries.com>,2026-05-04T14:04:00+00:00,sent,,,,,2026-05-06T08:00:00+00:00,2026-05-04T14:00:00+00:00,2026-05-04T14:04:00+00:00
5,job-2026-05-04-acme-pilot-001,b0a3f7c91e2a,1004,erica.murphy@gmail.com,gmail.com,gmail,2d7ec897de425a01e30591e3,<2d7ec897de425a01e30591e388954746@fuenmayorindustries.com>,2026-05-04T14:05:00+00:00,sent,,,,,2026-05-06T08:00:00+00:00,2026-05-04T14:00:00+00:00,2026-05-04T14:05:00+00:00
6,job-2026-05-04-acme-pilot-001,b0a3f7c91e2a,1005,frank.delgado@gmail.com,gmail.com,gmail,b428fdcfdf9b7bc4c2c33629,<b428fdcfdf9b7bc4c2c336291cb96c84@fuenmayorindustries.com>,2026-05-04T14:06:00+00:00,sent,,,,,2026-05-06T08:00:00+00:00,2026-05-04T14:00:00+00:00,2026-05-04T14:06:00+00:00
7,job-2026-05-04-acme-pilot-001,b0a3f7c91e2a,1006,gina.holloway@gmail.com,gmail.com,gmail,6c896fe493d409044407a860,<6c896fe493d409044407a860fadfc527@fuenmayorindustries.com>,2026-05-04T14:07:00+00:00,sent,,,,,2026-05-06T08:00:00+00:00,2026-05-04T14:00:00+00:00,2026-05-04T14:07:00+00:00
8,job-2026-05-04-acme-pilot-001,b0a3f7c91e2a,1007,henry.park@gmail.com,gmail.com,gmail,f74963675e8ca8e57ccabefb,<f74963675e8ca8e57ccabefbc98072b7@fuenmayorindustries.com>,2026-05-04T14:08:00+00:00,sent,,,,,2026-05-06T08:00:00+00:00,2026-05-04T14:00:00+00:00,2026-05-04T14:08:00+00:00
9,job-2026-05-04-acme-pilot-001,b0a3f7c91e2a,1008,ivy.rasmussen@gmail.com,gmail.com,gmail,01c0217364c6bb90391222f4,<01c0217364c6bb90391222f477a101c8@fuenmayorindustries.com>,2026-05-04T14:09:00+00:00,sent,,,,,2026-05-06T08:00:00+00:00,2026-05-04T14:00:00+00:00,2026-05-04T14:09:00+00:00
10,job-2026-05-04-acme-pilot-001,b0a3f7c91e2a,1009,jack.osborne@gmail.com,gmail.com,gmail,4ce54033705f982250f3bcb1,<4ce54033705f982250f3bcb1eb39b2d7@fuenmayorindustries.com>,2026-05-04T14:10:00+00:00,sent,,,,,2026-05-06T08:00:00+00:00,2026-05-04T14:00:00+00:00,2026-05-04T14:10:00+00:00
11,job-2026-05-04-acme-pilot-001,b0a3f7c91e2a,1010,kelly.wong@gmail.com,gmail.com,gmail,6c8d6e1b4e8217c64e54c5e2,<6c8d6e1b4e8217c64e54c5e2d4a12ed1@fuenmayorindustries.com>,2026-05-04T14:11:00+00:00,sent,,,,,2026-05-06T08:00:00+00:00,2026-05-04T14:00:00+00:00,2026-05-04T14:11:00+00:00
12,job-2026-05-04-acme-pilot-001,b0a3f7c91e2a,1011,liam.fitzgerald@gmail.com,gmail.com,gmail,89b9fb950df7c4701ff97996,<89b9fb950df7c4701ff9799607c971ce@fuenmayorindustries.com>,2026-05-04T14:12:00+00:00,sent,,,,,2026-05-06T08:00:00+00:00,2026-05-04T14:00:00+00:00,2026-05-04T14:12:00+00:00
13,job-2026-05-04-acme-pilot-001,b0a3f7c91e2a,1012,maria.contreras@yahoo.com,yahoo.com,yahoo,6bf0ba2c778bc832d6d0104b,<6bf0ba2c778bc832d6d0104bf4d6a5d6@fuenmayorindustries.com>,2026-05-04T14:13:00+00:00,sent,,,,,2026-05-06T08:00:00+00:00,2026-05-04T14:00:00+00:00,2026-05-04T14:13:00+00:00
14,job-2026-05-04-acme-pilot-001,b0a3f7c91e2a,1013,nathan.brooks@yahoo.com,yahoo.com,yahoo,7283a8706ff91c6dcaeae225,<7283a8706ff91c6dcaeae225830a89ca@fuenmayorindustries.com>,2026-05-04T14:14:00+00:00,sent,,,,,2026-05-06T08:00:00+00:00,2026-05-04T14:00:00+00:00,2026-05-04T14:14:00+00:00
15,job-2026-05-04-acme-pilot-001,b0a3f7c91e2a,1014,olivia.shah@yahoo.com,yahoo.com,yahoo,57d06470ca0a3745cb0797eb,<57d06470ca0a3745cb0797ebc8e2b759@fuenmayorindustries.com>,2026-05-04T14:15:00+00:00,sent,,,,,2026-05-06T08:00:00+00:00,2026-05-04T14:00:00+00:00,2026-05-04T14:15:00+00:00
16,job-2026-05-04-acme-pilot-001,b0a3f7c91e2a,1015,peter.aldridge@yahoo.com,yahoo.com,yahoo,687f244c4aff505d6d827187,<687f244c4aff505d6d8271870f8e8ac5@fuenmayorindustries.com>,2026-05-04T14:16:00+00:00,sent,,,,,2026-05-06T08:00:00+00:00,2026-05-04T14:00:00+00:00,2026-05-04T14:16:00+00:00
17,job-2026-05-04-acme-pilot-001,b0a3f7c91e2a,1016,quinn.peterson@yahoo.com,yahoo.com,yahoo,4ece1c1b8b58a4e10d7afb60,<4ece1c1b8b58a4e10d7afb605f41635f@fuenmayorindustries.com>,2026-05-04T14:17:00+00:00,sent,,,,,2026-05-06T08:00:00+00:00,2026-05-04T14:00:00+00:00,2026-05-04T14:17:00+00:00
18,job-2026-05-04-acme-pilot-001,b0a3f7c91e2a,1017,rachel.singh@yahoo.com,yahoo.com,yahoo,43f810bc5de6583a2dba7646,<43f810bc5de6583a2dba7646ede156dd@fuenmayorindustries.com>,2026-05-04T14:18:00+00:00,sent,,,,,2026-05-06T08:00:00+00:00,2026-05-04T14:00:00+00:00,2026-05-04T14:18:00+00:00
19,job-2026-05-04-acme-pilot-001,b0a3f7c91e2a,1018,samuel.barron@yahoo.com,yahoo.com,yahoo,5a5d5e94026192d19c455404,<5a5d5e94026192d19c45540464ccf355@fuenmayorindustries.com>,2026-05-04T14:19:00+00:00,sent,,,,,2026-05-06T08:00:00+00:00,2026-05-04T14:00:00+00:00,2026-05-04T14:19:00+00:00
20,job-2026-05-04-acme-pilot-001,b0a3f7c91e2a,1019,tina.cromwell@yahoo.com,yahoo.com,yahoo,8ce72d7d22cdd1d79dec42e6,<8ce72d7d22cdd1d79dec42e63a0cd344@fuenmayorindustries.com>,2026-05-04T14:20:00+00:00,sent,,,,,2026-05-06T08:00:00+00:00,2026-05-04T14:00:00+00:00,2026-05-04T14:20:00+00:00
21,job-2026-05-04-acme-pilot-001,b0a3f7c91e2a,1020,ulysses.kane@outlook.com,outlook.com,outlook,79e0687e2d29c8a35fb7f5a5,<79e0687e2d29c8a35fb7f5a508af9544@fuenmayorindustries.com>,2026-05-04T14:21:00+00:00,verdict_ready,delivered,2026-05-04T16:21:00+00:00,delivered to mailbox,250,2026-05-06T08:00:00+00:00,2026-05-04T14:00:00+00:00,2026-05-04T16:21:00+00:00
22,job-2026-05-04-acme-pilot-001,b0a3f7c91e2a,1021,victoria.ngozi@outlook.com,outlook.com,outlook,3cb6b004df6aa2482bacadc9,<3cb6b004df6aa2482bacadc91174f5e8@fuenmayorindustries.com>,2026-05-04T14:22:00+00:00,verdict_ready,delivered,2026-05-04T17:22:00+00:00,delivered to mailbox,250,2026-05-06T08:00:00+00:00,2026-05-04T14:00:00+00:00,2026-05-04T17:22:00+00:00
23,job-2026-05-04-acme-pilot-001,b0a3f7c91e2a,1022,william.patel@hotmail.com,hotmail.com,outlook,1957772f11ca0de8899bef4e,<1957772f11ca0de8899bef4e4915a66c@fuenmayorindustries.com>,2026-05-04T14:23:00+00:00,verdict_ready,delivered,2026-05-04T18:23:00+00:00,delivered to mailbox,250,2026-05-06T08:00:00+00:00,2026-05-04T14:00:00+00:00,2026-05-04T18:23:00+00:00
24,job-2026-05-04-acme-pilot-001,b0a3f7c91e2a,1023,xochi.rivera@hotmail.com,hotmail.com,outlook,ebf31704d8cf2cfd1b1f13b6,<ebf31704d8cf2cfd1b1f13b6054f0165@fuenmayorindustries.com>,2026-05-04T14:24:00+00:00,verdict_ready,delivered,2026-05-04T19:24:00+00:00,delivered to mailbox,250,2026-05-06T08:00:00+00:00,2026-05-04T14:00:00+00:00,2026-05-04T19:24:00+00:00
25,job-2026-05-04-acme-pilot-001,b0a3f7c91e2a,1024,yvonne.lambert@live.com,live.com,outlook,f82380183ebafc748689d451,<f82380183ebafc748689d45113a27669@fuenmayorindustries.com>,2026-05-04T14:25:00+00:00,verdict_ready,delivered,2026-05-04T20:25:00+00:00,delivered to mailbox,250,2026-05-06T08:00:00+00:00,2026-05-04T14:00:00+00:00,2026-05-04T20:25:00+00:00
26,job-2026-05-04-acme-pilot-001,b0a3f7c91e2a,1025,zach.morrison@outlook.com,outlook.com,outlook,5aeb6e99fabf621690020738,<5aeb6e99fabf6216900207389db8dfb0@fuenmayorindustries.com>,2026-05-04T14:26:00+00:00,verdict_ready,delivered,2026-05-04T21:26:00+00:00,delivered to mailbox,250,2026-05-06T08:00:00+00:00,2026-05-04T14:00:00+00:00,2026-05-04T21:26:00+00:00
27,job-2026-05-04-acme-pilot-001,b0a3f7c91e2a,1026,ana.beltran@aol.com,aol.com,aol,2938626940c289281ce2cc00,<2938626940c289281ce2cc003fd33495@fuenmayorindustries.com>,2026-05-04T14:27:00+00:00,verdict_ready,delivered,2026-05-04T22:27:00+00:00,delivered to mailbox,250,2026-05-06T08:00:00+00:00,2026-05-04T14:00:00+00:00,2026-05-04T22:27:00+00:00
28,job-2026-05-04-acme-pilot-001,b0a3f7c91e2a,1027,bruce.haight@aol.com,aol.com,aol,e1f02a98e409d6154271adcd,<e1f02a98e409d6154271adcda0848840@fuenmayorindustries.com>,2026-05-04T14:28:00+00:00,verdict_ready,delivered,2026-05-04T23:28:00+00:00,delivered to mailbox,250,2026-05-06T08:00:00+00:00,2026-05-04T14:00:00+00:00,2026-05-04T23:28:00+00:00
29,job-2026-05-04-acme-pilot-001,b0a3f7c91e2a,1028,c.romero@orion-logistics.com,orion-logistics.com,corporate_known,cfd4b084699a7d0559e32be8,<cfd4b084699a7d0559e32be857f040c3@fuenmayorindustries.com>,2026-05-04T14:29:00+00:00,verdict_ready,hard_bounce,2026-05-04T15:29:00+00:00,550 5.1.1 The email account that you tried to reach does not exist,550,2026-05-06T08:00:00+00:00,2026-05-04T14:00:00+00:00,2026-05-04T15:29:00+00:00
30,job-2026-05-04-acme-pilot-001,b0a3f7c91e2a,1029,d.hayworth@summitparts.io,summitparts.io,corporate_known,1f0ff9ba98796301aca50c6f,<1f0ff9ba98796301aca50c6ffe7758f7@fuenmayorindustries.com>,2026-05-04T14:30:00+00:00,verdict_ready,hard_bounce,2026-05-04T15:30:00+00:00,550 5.1.1 No such user here,550,2026-05-06T08:00:00+00:00,2026-05-04T14:00:00+00:00,2026-05-04T15:30:00+00:00
31,job-2026-05-04-acme-pilot-001,b0a3f7c91e2a,1030,e.banerjee@northwave.co,northwave.co,corporate_known,613d0efde483b0e7e19408dd,<613d0efde483b0e7e19408dd833cfab3@fuenmayorindustries.com>,2026-05-04T14:31:00+00:00,verdict_ready,hard_bounce,2026-05-04T15:31:00+00:00,550 5.1.10 Recipient address rejected: address unknown,550,2026-05-06T08:00:00+00:00,2026-05-04T14:00:00+00:00,2026-05-04T15:31:00+00:00
32,job-2026-05-04-acme-pilot-001,b0a3f7c91e2a,1031,f.coleman@brightleaf.io,brightleaf.io,corporate_known,07096d8f14aa50b567aaefbe,<07096d8f14aa50b567aaefbebb0babcb@fuenmayorindustries.com>,2026-05-04T14:32:00+00:00,verdict_ready,hard_bounce,2026-05-04T15:32:00+00:00,550 5.4.1 Recipient address rejected: relay access denied,550,2026-05-06T08:00:00+00:00,2026-05-04T14:00:00+00:00,2026-05-04T15:32:00+00:00
33,job-2026-05-04-acme-pilot-001,b0a3f7c91e2a,1032,g.tanaka@vector-mfg.com,vector-mfg.com,corporate_known,a5ec4741fa82f1ccedced3a0,<a5ec4741fa82f1ccedced3a0bdb4d7fc@fuenmayorindustries.com>,2026-05-04T14:33:00+00:00,verdict_ready,hard_bounce,2026-05-04T15:33:00+00:00,550 5.1.1 user unknown in local recipient table,550,2026-05-06T08:00:00+00:00,2026-05-04T14:00:00+00:00,2026-05-04T15:33:00+00:00
34,job-2026-05-04-acme-pilot-001,b0a3f7c91e2a,1033,h.escobar@ironclad-supply.com,ironclad-supply.com,corporate_known,8f538d6587f227ac6e39e593,<8f538d6587f227ac6e39e593db07a405@fuenmayorindustries.com>,2026-05-04T14:34:00+00:00,verdict_ready,hard_bounce,2026-05-04T15:34:00+00:00,550 5.1.1 mailbox unavailable,550,2026-05-06T08:00:00+00:00,2026-05-04T14:00:00+00:00,2026-05-04T15:34:00+00:00
35,job-2026-05-04-acme-pilot-001,b0a3f7c91e2a,1034,i.varga@nimbusmedia.tv,nimbusmedia.tv,corporate_known,8b9c6bc8034a27c2e399af8a,<8b9c6bc8034a27c2e399af8aacda5b08@fuenmayorindustries.com>,2026-05-04T14:35:00+00:00,verdict_ready,hard_bounce,2026-05-04T15:35:00+00:00,550 5.1.1 invalid recipient,550,2026-05-06T08:00:00+00:00,2026-05-04T14:00:00+00:00,2026-05-04T15:35:00+00:00
36,job-2026-05-04-acme-pilot-001,b0a3f7c91e2a,1035,j.zelaya@parallelaxis.com,parallelaxis.com,corporate_known,8e8a6e72fd0e881ddec2ffc3,<8e8a6e72fd0e881ddec2ffc3497c49cc@fuenmayorindustries.com>,2026-05-04T14:36:00+00:00,verdict_ready,hard_bounce,2026-05-04T15:36:00+00:00,550 5.1.1 user not found,550,2026-05-06T08:00:00+00:00,2026-05-04T14:00:00+00:00,2026-05-04T15:36:00+00:00
37,job-2026-05-04-acme-pilot-001,b0a3f7c91e2a,1036,k.maddox@kestrel-research.org,kestrel-research.org,corporate_known,c284ad45900f18b4a6f02a42,<c284ad45900f18b4a6f02a4285a5fb69@fuenmayorindustries.com>,2026-05-04T14:37:00+00:00,verdict_ready,soft_bounce,2026-05-04T17:37:00+00:00,452 4.2.2 The email account that you tried to reach is over quota,452,2026-05-06T08:00:00+00:00,2026-05-04T14:00:00+00:00,2026-05-04T17:37:00+00:00
38,job-2026-05-04-acme-pilot-001,b0a3f7c91e2a,1037,l.aguirre@bluetide-marine.com,bluetide-marine.com,corporate_known,1e6ae9f29f5184c4303b98fd,<1e6ae9f29f5184c4303b98fd0314be3c@fuenmayorindustries.com>,2026-05-04T14:38:00+00:00,verdict_ready,soft_bounce,2026-05-04T17:38:00+00:00,"421 4.7.1 try again later, server is busy",421,2026-05-06T08:00:00+00:00,2026-05-04T14:00:00+00:00,2026-05-04T17:38:00+00:00
39,job-2026-05-04-acme-pilot-001,b0a3f7c91e2a,1038,m.larsen@hilltownbakery.com,hilltownbakery.com,corporate_unknown,1a3c12bfee513503be832b56,<1a3c12bfee513503be832b5642f9c159@fuenmayorindustries.com>,2026-05-04T14:39:00+00:00,verdict_ready,soft_bounce,2026-05-04T17:39:00+00:00,452 4.2.2 mailbox full,452,2026-05-06T08:00:00+00:00,2026-05-04T14:00:00+00:00,2026-05-04T17:39:00+00:00
40,job-2026-05-04-acme-pilot-001,b0a3f7c91e2a,1039,n.dvorak@anchorhardware.net,anchorhardware.net,corporate_unknown,51e03f813724c31365ebe648,<51e03f813724c31365ebe64864abbd44@fuenmayorindustries.com>,2026-05-04T14:40:00+00:00,verdict_ready,soft_bounce,2026-05-04T17:40:00+00:00,"451 4.3.0 temporary internal error, please retry",451,2026-05-06T08:00:00+00:00,2026-05-04T14:00:00+00:00,2026-05-04T17:40:00+00:00
41,job-2026-05-04-acme-pilot-001,b0a3f7c91e2a,1040,o.bautista@redfern-acct.com,redfern-acct.com,corporate_unknown,168558798881794f14d5d42e,<168558798881794f14d5d42e1c5c027f@fuenmayorindustries.com>,2026-05-04T14:41:00+00:00,verdict_ready,soft_bounce,2026-05-04T17:41:00+00:00,"421 4.4.5 server overloaded, try later",421,2026-05-06T08:00:00+00:00,2026-05-04T14:00:00+00:00,2026-05-04T17:41:00+00:00
42,job-2026-05-04-acme-pilot-001,b0a3f7c91e2a,1041,p.greenfield@whitebark-cnc.com,whitebark-cnc.com,corporate_unknown,48a55b1fa6fa6000aa5a7f59,<48a55b1fa6fa6000aa5a7f59910aba03@fuenmayorindustries.com>,2026-05-04T14:42:00+00:00,verdict_ready,blocked,2026-05-04T15:42:00+00:00,550 5.7.1 message rejected by spam policy,550,2026-05-06T08:00:00+00:00,2026-05-04T14:00:00+00:00,2026-05-04T15:42:00+00:00
43,job-2026-05-04-acme-pilot-001,b0a3f7c91e2a,1042,q.huang@silverpine-eng.com,silverpine-eng.com,corporate_unknown,3d0912945e566d62a252fffb,<3d0912945e566d62a252fffb968f37a2@fuenmayorindustries.com>,2026-05-04T14:43:00+00:00,verdict_ready,blocked,2026-05-04T15:43:00+00:00,"553 5.7.1 IP listed by Spamhaus, message blocked",553,2026-05-06T08:00:00+00:00,2026-05-04T14:00:00+00:00,2026-05-04T15:43:00+00:00
44,job-2026-05-04-acme-pilot-001,b0a3f7c91e2a,1043,r.bertolini@thornapple-farm.com,thornapple-farm.com,corporate_unknown,f050659c134ed959ed699f91,<f050659c134ed959ed699f91f89698b4@fuenmayorindustries.com>,2026-05-04T14:44:00+00:00,verdict_ready,blocked,2026-05-04T15:44:00+00:00,550 5.7.1 sender domain DMARC policy violation,550,2026-05-06T08:00:00+00:00,2026-05-04T14:00:00+00:00,2026-05-04T15:44:00+00:00
45,job-2026-05-04-acme-pilot-001,b0a3f7c91e2a,1044,s.olesen@coppermill-supply.net,coppermill-supply.net,corporate_unknown,5042dddf00ceffc4b94c4ec4,<5042dddf00ceffc4b94c4ec4499ac282@fuenmayorindustries.com>,2026-05-04T14:45:00+00:00,verdict_ready,blocked,2026-05-04T15:45:00+00:00,554 5.7.1 message blocked by Barracuda reputation filter,554,2026-05-06T08:00:00+00:00,2026-05-04T14:00:00+00:00,2026-05-04T15:45:00+00:00
46,job-2026-05-04-acme-pilot-001,b0a3f7c91e2a,1045,t.uzun@meadowlark-design.com,meadowlark-design.com,corporate_unknown,e12b32a94f356b8ff30ff3b4,<e12b32a94f356b8ff30ff3b45c1b4b94@fuenmayorindustries.com>,2026-05-04T14:46:00+00:00,verdict_ready,deferred,2026-05-04T15:46:00+00:00,"450 4.7.1 greylisted, please retry in 5 minutes",450,2026-05-06T08:00:00+00:00,2026-05-04T14:00:00+00:00,2026-05-04T15:46:00+00:00
47,job-2026-05-04-acme-pilot-001,b0a3f7c91e2a,1046,u.kowalczyk@longshore-marine.io,longshore-marine.io,corporate_unknown,018a44b044df0f112f8887b6,<018a44b044df0f112f8887b6cdb8f6fd@fuenmayorindustries.com>,2026-05-04T14:47:00+00:00,verdict_ready,deferred,2026-05-04T15:47:00+00:00,451 4.7.1 try again later (greylist),451,2026-05-06T08:00:00+00:00,2026-05-04T14:00:00+00:00,2026-05-04T15:47:00+00:00
48,job-2026-05-04-acme-pilot-001,b0a3f7c91e2a,1047,v.ferreira@ridgepole-bldg.com,ridgepole-bldg.com,corporate_unknown,3045fe79e9640fe1048aa0cf,<3045fe79e9640fe1048aa0cff486a1d1@fuenmayorindustries.com>,2026-05-04T14:48:00+00:00,verdict_ready,deferred,2026-05-04T15:48:00+00:00,450 4.2.0 deferred — quota check pending,450,2026-05-06T08:00:00+00:00,2026-05-04T14:00:00+00:00,2026-05-04T15:48:00+00:00
49,job-2026-05-04-acme-pilot-001,b0a3f7c91e2a,1048,w.delacruz@ottergate-svcs.com,ottergate-svcs.com,corporate_unknown,b21b82a03e210f01c3d05e53,<b21b82a03e210f01c3d05e535968a2ee@fuenmayorindustries.com>,2026-05-04T14:49:00+00:00,verdict_ready,unknown,2026-05-04T14:49:00+00:00,connect_failed:TimeoutError:tcp connection timeout to mx,,2026-05-06T08:00:00+00:00,2026-05-04T14:00:00+00:00,2026-05-04T14:49:00+00:00
50,job-2026-05-04-acme-pilot-001,b0a3f7c91e2a,1049,x.akinyemi@graybirch-logging.com,graybirch-logging.com,corporate_unknown,3e6529889406ca4e4f070080,<3e6529889406ca4e4f07008075779755@fuenmayorindustries.com>,2026-05-04T14:50:00+00:00,verdict_ready,unknown,2026-05-04T14:50:00+00:00,all_mx_failed,,2026-05-06T08:00:00+00:00,2026-05-04T14:00:00+00:00,2026-05-04T14:50:00+00:00
